chapter	chapter_title	unit	title	path	physical_pdf_pages	printed_pages	coverage	figures_tables_footnotes	status	uncertainties
frontmatter	Front matter	publication	Title, publication data, and dedication	latex/frontmatter/publication.tex	1--5	unnumbered	Title, publication data, and dedication; master.tex emits the title and dedication, while this file supplies the publication leaf.	none.	source-reviewed and compile-clean.	none.
frontmatter	Front matter	preface	Preface	latex/frontmatter/preface.tex	6--8	Preface pp. vii--ix	Preface.	none.	source-reviewed and compile-clean.	none.
frontmatter	Front matter	notation-and-contents	Notation and contents	latex/frontmatter/notation.tex	8--25, plus supplemental Contents p. xxii (`source-supplements/contents-pxxii.png`) between physical pp. 19--20	p. ix and Contents pp. xi--xxvii	Modernized notation leaf and source contents; master.tex generates the typeset table of contents from the complete assembly.	none.	source-reviewed and compile-clean.	none.
frontmatter	Front matter	copyright-acknowledgements	Copyright acknowledgements and Part One divider	latex/frontmatter/copyright-acknowledgements.tex	26--27	unnumbered	Copyright acknowledgements and Part One divider; master.tex emits the part divider.	none.	source-reviewed and compile-clean.	none.
1	Historical Introduction	opening	Chapter 1 opening	latex/chapters/chapter01/introduction.tex	28--29	pp. 3--4	Chapter 1 opening epigraph and introductory prose.	no figures or tables; reference marker 1.	source-reviewed and compile-clean.	none.
1	Historical Introduction	1.1	History of Non-Euclidean Geometry	latex/chapters/chapter01/sec11.tex	29--36	pp. 4--11	Section 1.1, HISTORY OF NON-EUCLIDEAN GEOMETRY; equations (1.1.1)--(1.1.15).	Figure 1.1; reference markers 2--5 and 40.	source-reviewed and compile-clean.	none.
1	Historical Introduction	1.2	History of the Theory of Gravitation	latex/chapters/chapter01/sec12.tex	36--40	pp. 11--15	Section 1.2, HISTORY OF THE THEORY OF GRAVITATION; equations (1.2.1)--(1.2.4).	Figure 1.2; reference markers 6--15.	source-reviewed and compile-clean.	none.
1	Historical Introduction	1.3	History of the Principle of Relativity	latex/chapters/chapter01/sec13.tex	40--47	pp. 15--20	Section 1.3, HISTORY OF THE PRINCIPLE OF RELATIVITY; equations (1.3.1)--(1.3.2).	Figure 1.3; reference markers 1 and 16--39.	source-reviewed and compile-clean.	none.
1	Historical Introduction	backmatter	Chapter 1 back matter	latex/chapters/chapter01/backmatter.tex	47--50	pp. 20--23	Chapter 1 bibliography and references 1--40.	none.	source-reviewed and compile-clean.	none.
2	Special Relativity	opening	Chapter 2 opening	latex/chapters/chapter02/introduction.tex	51	p. 25	Chapter 2 epigraph and introductory paragraphs.	epigraph; no figures, tables, or footnotes.	source-reviewed and compile-clean.	none.
2	Special Relativity	2.1	Lorentz Transformations	latex/chapters/chapter02/sec21.tex	51--55	pp. 25--29	Section 2.1, Lorentz Transformations; equations (2.1.1)--(2.1.21).	no figures or tables; reference markers 1 and 2.	source-reviewed and compile-clean.	none.
2	Special Relativity	2.2	Time Dilation	latex/chapters/chapter02/sec22.tex	55--57	pp. 29--31	Section 2.2, Time Dilation; equations (2.2.1)--(2.2.2).	none.	source-reviewed and compile-clean.	none.
2	Special Relativity	2.3	Particle Dynamics	latex/chapters/chapter02/sec23.tex	57--58	pp. 31--32	Section 2.3, Particle Dynamics; equations (2.3.1)--(2.3.8).	none.	source-reviewed and compile-clean.	none.
2	Special Relativity	2.4	Energy and Momentum	latex/chapters/chapter02/sec24.tex	58--60	pp. 32--34	Section 2.4, Energy and Momentum; equations (2.4.1)--(2.4.10).	no figures or tables; reference marker 3.	source-reviewed and compile-clean.	none.
2	Special Relativity	2.5	Vectors and Tensors	latex/chapters/chapter02/sec25.tex	61--65	pp. 35--39	Section 2.5, Vectors and Tensors; equations (2.5.1)--(2.5.15).	none.	source-reviewed and compile-clean.	none.
2	Special Relativity	2.6	Currents and Densities	latex/chapters/chapter02/sec26.tex	65--67	pp. 39--41	Section 2.6, Currents and Densities; equations (2.6.1)--(2.6.8).	none.	source-reviewed and compile-clean.	none.
2	Special Relativity	2.7	Electrodynamics	latex/chapters/chapter02/sec27.tex	67--69	pp. 41--43	Section 2.7, Electrodynamics; equations (2.7.1)--(2.7.13).	none.	source-reviewed and compile-clean.	none.
2	Special Relativity	2.8	Energy-Momentum Tensor	latex/chapters/chapter02/sec28.tex	69--72	pp. 43--46	Section 2.8, Energy-Momentum Tensor; equations (2.8.1)--(2.8.14), including (2.8.5a).	none.	source-reviewed and compile-clean.	none.
2	Special Relativity	2.9	Spin	latex/chapters/chapter02/sec29.tex	72--73	pp. 46--47	Section 2.9, Spin; equations (2.9.1)--(2.9.8).	none.	source-reviewed and compile-clean.	none.
2	Special Relativity	2.10	Relativistic Hydrodynamics	latex/chapters/chapter02/sec210.tex	73--78	pp. 47--52	Section 2.10, Relativistic Hydrodynamics; equations (2.10.1)--(2.10.33), including (2.10.17a).	no figures or tables; reference marker 4.	source-reviewed and compile-clean.	none.
2	Special Relativity	2.11	Relativistic Imperfect Fluids	latex/chapters/chapter02/sec211.tex	79--83	pp. 53--57	Section 2.11, Relativistic Imperfect Fluids; equations (2.11.1)--(2.11.28).	optional-reading footnote; reference markers 5--10.	source-reviewed and compile-clean.	none.
2	Special Relativity	2.12	Representations of the Lorentz Group	latex/chapters/chapter02/sec212.tex	84--87	pp. 58--61	Section 2.12, Representations of the Lorentz Group; equations (2.12.1)--(2.12.19).	optional-reading footnote; reference markers 11--12.	source-reviewed and compile-clean.	none.
2	Special Relativity	2.13	Temporal Order and Antiparticles	latex/chapters/chapter02/sec213.tex	87--89	pp. 61--63	Section 2.13, Temporal Order and Antiparticles; equations (2.13.1)--(2.13.2).	optional-reading footnote; reference marker 13.	source-reviewed and compile-clean.	none.
2	Special Relativity	backmatter	Chapter 2 back matter	latex/chapters/chapter02/backmatter.tex	89--90	pp. 63--64	Chapter 2 bibliography and references 1--13.	none.	source-reviewed and compile-clean.	none.
3	The Principle of Equivalence	opening	Chapter 3 opening	latex/chapters/chapter03/introduction.tex	92	p. 67	Chapter 3 epigraph and opening overview.	none.	source-reviewed and compile-clean.	none.
3	The Principle of Equivalence	3.1	Statement of the Principle	latex/chapters/chapter03/sec31.tex	92--95	pp. 67--70	Section 3.1, Statement of the Principle; equations (3.1.1)--(3.1.3).	none; reference marker 1.	source-reviewed and compile-clean.	none.
3	The Principle of Equivalence	3.2	Gravitational Forces	latex/chapters/chapter03/sec32.tex	95--98	pp. 70--73	Section 3.2, Gravitational Forces; equations (3.2.1)--(3.2.14).	none.	source-reviewed and compile-clean.	none.
3	The Principle of Equivalence	3.3	Relation Between \(g_{\mu\nu}\) and \(\Gamma^\lambda{}_{\mu\nu}\)	latex/chapters/chapter03/sec33.tex	98--102	pp. 73--77	Section 3.3, Relation Between g_{\mu\nu} and \Gamma^\lambda{}_{\mu\nu}; equations (3.3.1)--(3.3.10).	none.	source-reviewed and compile-clean.	source description after Eq. (3.3.10) calls the proper-time extremum ``usually a minimum''; retained verbatim.
3	The Principle of Equivalence	3.4	The Newtonian Limit	latex/chapters/chapter03/sec34.tex	102--104	pp. 77--79	Section 3.4, The Newtonian Limit; equations (3.4.1)--(3.4.5).	none.	source-reviewed and compile-clean.	none.
3	The Principle of Equivalence	3.5	Time Dilation	latex/chapters/chapter03/sec35.tex	104--110	pp. 79--85	Section 3.5, Time Dilation; equations (3.5.1)--(3.5.6).	none; reference markers 2--8a and 13.	source-reviewed and compile-clean.	none.
3	The Principle of Equivalence	3.6	Signs of the Times	latex/chapters/chapter03/sec36.tex	110--111	pp. 85--86	Section 3.6, Signs of the Times; equations (3.6.1)--(3.6.4).	none; reference marker 9.	source-reviewed and compile-clean.	none.
3	The Principle of Equivalence	3.7	Relativity and Anisotropy of Inertia	latex/chapters/chapter03/sec37.tex	111--113	pp. 86--88	Section 3.7, Relativity and Anisotropy of Inertia.	Figure 3.1; reference markers 10--12.	source-reviewed and compile-clean.	none.
3	The Principle of Equivalence	backmatter	Chapter 3 back matter	latex/chapters/chapter03/backmatter.tex	113--115	pp. 88--90	Chapter 3 bibliography and references 1--13, including 5a and 8a.	none.	source-reviewed and compile-clean.	none.
4	Tensor Analysis	opening	Chapter 4 opening	latex/chapters/chapter04/introduction.tex	116	p. 91	Chapter 4 epigraph and opening paragraph, ending before Section 4.1.	none.	source-reviewed and compile-clean.	none.
4	Tensor Analysis	4.1	The Principle of General Covariance	latex/chapters/chapter04/sec41.tex	116--118	pp. 91--93	Section 4.1, The Principle of General Covariance; no numbered equations.	four linked reference markers; no figures or tables.	source-reviewed and compile-clean.	none.
4	Tensor Analysis	4.2	Vectors and Tensors	latex/chapters/chapter04/sec42.tex	118--121	pp. 93--96	Section 4.2, Vectors and Tensors; equations (4.2.1)--(4.2.8).	none.	source-reviewed and compile-clean.	none.
4	Tensor Analysis	4.3	Tensor Algebra	latex/chapters/chapter04/sec43.tex	121--123	pp. 96--98	Section 4.3, Tensor Algebra; no numbered equations.	none.	source-reviewed and compile-clean.	none.
4	Tensor Analysis	4.4	Tensor Densities	latex/chapters/chapter04/sec44.tex	123--125	pp. 98--100	Section 4.4, Tensor Densities; equations (4.4.1)--(4.4.11).	one linked reference marker; no figures or tables.	source-reviewed and compile-clean.	none.
4	Tensor Analysis	4.5	Transformation of the Affine Connection	latex/chapters/chapter04/sec45.tex	125--128	pp. 100--103	Section 4.5, Transformation of the Affine Connection; equations (4.5.1)--(4.5.11).	none.	source-reviewed and compile-clean.	none.
4	Tensor Analysis	4.6	Covariant Differentiation	latex/chapters/chapter04/sec46.tex	128--131	pp. 103--106	Section 4.6, Covariant Differentiation; equations (4.6.1)--(4.6.19).	none.	source-reviewed and compile-clean.	none.
4	Tensor Analysis	4.7	Gradient, Curl, and Divergence	latex/chapters/chapter04/sec47.tex	131--133	pp. 106--108	Section 4.7, Gradient, Curl, and Divergence; equations (4.7.1)--(4.7.11).	none.	source-reviewed and compile-clean.	none.
4	Tensor Analysis	4.8	Vector Analysis in Orthogonal Coordinates	latex/chapters/chapter04/sec48.tex	133--135	pp. 108--110	Section 4.8, Vector Analysis in Orthogonal Coordinates; equations (4.8.1)--(4.8.12).	optional-reading source note; no figures or tables.	source-reviewed and compile-clean.	none.
4	Tensor Analysis	4.9	Covariant Differentiation Along a Curve	latex/chapters/chapter04/sec49.tex	135--136	pp. 110--111	Section 4.9, Covariant Differentiation Along a Curve; equations (4.9.1)--(4.9.11).	none.	source-reviewed and compile-clean.	none.
4	Tensor Analysis	4.10	The Electromagnetic Analogy	latex/chapters/chapter04/sec410.tex	136--138	pp. 111--113	Section 4.10, The Electromagnetic Analogy; equations (4.10.1)--(4.10.5).	optional-reading source note; no figures or tables.	source-reviewed and compile-clean.	Eq. (4.10.5) prints +m^2 despite the preceding -m^2; the divergence derivation drops an overall -ie. Both are corrected as SOURCE ERRATA below.
4	Tensor Analysis	4.11	\(p\)-Forms and Exterior Derivatives	latex/chapters/chapter04/sec411.tex	138--144	pp. 113--119	Section 4.11, p-Forms and Exterior Derivatives; equations (4.11.1)--(4.11.19).	one optional-reading source note and one linked reference marker; no figures or tables.	source-reviewed and compile-clean.	no unresolved readings; deliberate exterior-calculus normalization conversions are documented inline.
4	Tensor Analysis	backmatter	Chapter 4 back matter	latex/chapters/chapter04/backmatter.tex	144--145	pp. 119--120	Chapter 4 References 1--7, including 1a.	none.	source-reviewed and compile-clean.	none.
5	Effects of Gravitation	opening	Chapter 5 opening	latex/chapters/chapter05/introduction.tex	146	p. 121	Chapter 5 epigraph and opening paragraph, ending before Section 5.1.	none.	source-reviewed and compile-clean.	none.
5	Effects of Gravitation	5.1	Particle Mechanics	latex/chapters/chapter05/sec51.tex	146--149	pp. 121--124	Section 5.1, Particle Mechanics; equations (5.1.1)--(5.1.14).	no figures or tables; reference markers 1 and 2.	source-reviewed and compile-clean.	none.
5	Effects of Gravitation	5.2	Electrodynamics	latex/chapters/chapter05/sec52.tex	149--151	pp. 124--126	Section 5.2, Electrodynamics; equations (5.2.1)--(5.2.14).	none.	source-reviewed and compile-clean.	none.
5	Effects of Gravitation	5.3	Energy-Momentum Tensor	latex/chapters/chapter05/sec53.tex	151--152	pp. 126--127	Section 5.3, Energy-Momentum Tensor; equations (5.3.1)--(5.3.9).	none.	source-reviewed and compile-clean.	none.
5	Effects of Gravitation	5.4	Hydrodynamics and Hydrostatics	latex/chapters/chapter05/sec54.tex	152--154	pp. 127--129	Section 5.4, Hydrodynamics and Hydrostatics; equations (5.4.1)--(5.4.10).	none.	source-reviewed and compile-clean.	none.
5	Effects of Gravitation	backmatter	Chapter 5 back matter	latex/chapters/chapter05/backmatter.tex	154	p. 129	Chapter 5 References 1--2.	none.	source-reviewed and compile-clean.	physical PDF p. 155 is a duplicate, cropped scan of printed p. 128; it contains no unique Chapter 5 material.
6	Curvature	opening	Chapter 6 opening	latex/chapters/chapter06/introduction.tex	156	p. 131	Chapter 6 epigraph and opening overview.	none.	source-reviewed and compile-clean.	none.
6	Curvature	6.1	Definition of the Curvature Tensor	latex/chapters/chapter06/sec61.tex	156--158	pp. 131--133	Section 6.1, Definition of the Curvature Tensor; equations (6.1.1)--(6.1.7).	none.	source-reviewed and compile-clean.	none. MODERNIZATION: Weinberg's curvature tensor is the negative of the target convention at fixed slot order. Equations below use the binding convention in NOTATION.md, with induced signs and last-index ordering rederived.
6	Curvature	6.2	Uniqueness of the Curvature Tensor	latex/chapters/chapter06/sec62.tex	158--160	pp. 133--135	Section 6.2, Uniqueness of the Curvature Tensor; equations (6.2.1)--(6.2.5).	none.	source-reviewed and compile-clean.	none.
6	Curvature	6.3	Round Trips by Parallel Transport	latex/chapters/chapter06/sec63.tex	160--163	pp. 135--138	Section 6.3, Round Trips by Parallel Transport; equations (6.3.1)--(6.3.11).	one linked reference marker; no figures or tables.	source-reviewed and compile-clean.	none.
6	Curvature	6.4	Gravitation versus Curvilinear Coordinates	latex/chapters/chapter06/sec64.tex	163--165	pp. 138--140	Section 6.4, Gravitation versus Curvilinear Coordinates; equations (6.4.1)--(6.4.10).	none.	source-reviewed and compile-clean.	none.
6	Curvature	6.5	Commutation of Covariant Derivatives	latex/chapters/chapter06/sec65.tex	165	p. 140	Section 6.5, Commutation of Covariant Derivatives; equations (6.5.1)--(6.5.3).	none.	source-reviewed and compile-clean.	none.
6	Curvature	6.6	Algebraic Properties of \(R^\rho{}_{\sigma\mu\nu}\)	latex/chapters/chapter06/sec66.tex	166--167	pp. 141--142	Section 6.6, Algebraic Properties of \(R^\rho{}_{\sigma\mu\nu}\); equations (6.6.1)--(6.6.7).	none.	source-reviewed and compile-clean.	none.
6	Curvature	6.7	Description of Curvature in \(N\) Dimensions	latex/chapters/chapter06/sec67.tex	167--171	pp. 142--146	Section 6.7, Description of Curvature in \(N\) Dimensions; equations (6.7.1)--(6.7.7).	optional-reading footnote; linked references 2--4; no figures or tables.	source-reviewed and compile-clean.	none.
6	Curvature	6.8	The Bianchi Identities	latex/chapters/chapter06/sec68.tex	171--172	pp. 146--147	Section 6.8, The Bianchi Identities; equations (6.8.1)--(6.8.4).	none.	source-reviewed and compile-clean.	none.
6	Curvature	6.9	The Geometric Analogy	latex/chapters/chapter06/sec69.tex	172--173	pp. 147--148	Section 6.9, The Geometric Analogy; equation (6.9.1).	optional-reading footnote; no figures or tables.	source-reviewed and compile-clean.	none.
6	Curvature	6.10	Geodesic Deviation	latex/chapters/chapter06/sec610.tex	173--174	pp. 148--149	Section 6.10, Geodesic Deviation; equation (6.10.1).	optional-reading footnote; no figures or tables.	source-reviewed and compile-clean.	none.
6	Curvature	backmatter	Chapter 6 back matter	latex/chapters/chapter06/backmatter.tex	174	p. 149	Chapter 6 bibliography and references 1--5.	none.	source-reviewed and compile-clean.	none.
7	Einstein's Field Equations	opening	Chapter 7 opening	latex/chapters/chapter07/introduction.tex	175	p. 151	Chapter 7 epigraph and opening overview.	none.	source-reviewed and compile-clean.	none.
7	Einstein's Field Equations	7.1	Derivation of the Field Equations	latex/chapters/chapter07/sec71.tex	175--179	pp. 151--155	Section 7.1, Derivation of the Field Equations; equations (7.1.1)--(7.1.16).	reference marker 1; no figures or tables.	source-reviewed and compile-clean.	none. MODERNIZATION: The source curvature convention is the negative of the binding convention at fixed slot order. The weak-field signs, trace, and cosmological-constant equation have therefore been rederived for G_{\mu\nu}+\Lambda g_{\mu\nu}=8\pi G T_{\mu\nu}.
7	Einstein's Field Equations	7.2	Another Derivation	latex/chapters/chapter07/sec72.tex	179--181	pp. 155--157	Section 7.2, Another Derivation; equations (7.2.1)--(7.2.8).	optional-reading source note; no figures or tables.	source-reviewed and compile-clean.	none. MODERNIZATION: With the target curvature and Einstein-equation signs, Newton's limit fixes a_1=b_1=-1/2 rather than the source +1/2. Equation (7.2.6) is correspondingly the negative of the source display.
7	Einstein's Field Equations	7.3	The Brans-Dicke Theory	latex/chapters/chapter07/sec73.tex	181--184	pp. 157--160	Section 7.3, The Brans-Dicke Theory; equations (7.3.1)--(7.3.15).	reference marker 2; no figures or tables.	source-reviewed and compile-clean.	none. MODERNIZATION: Curvature-dependent displays and their divergence derivation are converted to the target curvature convention and +8\pi/\phi source sign. Comma/semicolon notation is replaced by partial/nabla operators.
7	Einstein's Field Equations	7.4	Coordinate Conditions	latex/chapters/chapter07/sec74.tex	185--187	pp. 161--163	Section 7.4, Coordinate Conditions; equations (7.4.1)--(7.4.9).	none.	source-reviewed and compile-clean.	none.
7	Einstein's Field Equations	7.5	The Cauchy Problem	latex/chapters/chapter07/sec75.tex	187--189	pp. 163--165	Section 7.5, The Cauchy Problem; equations (7.5.1)--(7.5.3).	none.	source-reviewed and compile-clean.	none. MODERNIZATION: Einstein-equation and constraint-propagation signs follow the target G_{\mu\nu}=+8\pi G T_{\mu\nu} convention.
7	Einstein's Field Equations	7.6	Energy, Momentum, and Angular Momentum of Gravitation	latex/chapters/chapter07/sec76.tex	189--195	pp. 165--171	Section 7.6, Energy, Momentum, and Angular Momentum of Gravitation; equations (7.6.1)--(7.6.27).	no figures or tables; reference markers 2a--6.	source-reviewed and compile-clean.	convention-sensitive signs were checked explicitly at Q^{\rho\nu\lambda} and against the asymptotically Schwarzschild mass. MODERNIZATION: Curvature signs, the linearized Einstein equation, and the superpotential have been converted consistently to the target conventions; the asymptotic coordinate-shift vector is \xi^\mu rather than the source displacement symbol, avoiding collision with Levi-Civita notation.
7	Einstein's Field Equations	backmatter	Chapter 7 back matter	latex/chapters/chapter07/backmatter.tex	195--196	pp. 171--172	Chapter 7 bibliography and references 1--6, including 2a.	none.	source-reviewed and compile-clean.	none.
8	Classic Tests of Einstein's Theory	opening	Chapter 8 opening	latex/chapters/chapter08/introduction.tex	198	p. 175	Chapter 8 epigraph and opening overview.	none.	source-reviewed and compile-clean.	none.
8	Classic Tests of Einstein's Theory	8.1	The General Static Isotropic Metric	latex/chapters/chapter08/sec81.tex	198--202	pp. 175--179	Section 8.1, The General Static Isotropic Metric; equations (8.1.1)--(8.1.16).	none.	source-reviewed and compile-clean.	source Ricci convention in (8.1.12)--(8.1.13) converted to the binding curvature convention and checked componentwise; source (8.1.10) omits \(dt\) from its stated invariant volume element, preserved and marked VERIFY SOURCE below.
8	Classic Tests of Einstein's Theory	8.2	The Schwarzschild Solution	latex/chapters/chapter08/sec82.tex	202--205	pp. 179--182	Section 8.2, The Schwarzschild Solution; equations (8.2.1)--(8.2.16).	none.	source-reviewed and compile-clean.	Ricci signs in (8.2.3), (8.2.7), and (8.2.8) converted consistently with the binding curvature convention.
8	Classic Tests of Einstein's Theory	8.3	Other Metrics	latex/chapters/chapter08/sec83.tex	205--208	pp. 182--185	Section 8.3, Other Metrics; equations (8.3.1)--(8.3.9).	reference marker 1.	source-reviewed and compile-clean.	none.
8	Classic Tests of Einstein's Theory	8.4	General Equations of Motion	latex/chapters/chapter08/sec84.tex	208--211	pp. 185--188	Section 8.4, General Equations of Motion; equations (8.4.1)--(8.4.30).	none.	source-reviewed and compile-clean.	Weinberg's trajectory parameter p is modernized to the conventional affine parameter lambda throughout.
8	Classic Tests of Einstein's Theory	8.5	Unbound Orbits: Deflection of Light by the Sun	latex/chapters/chapter08/sec85.tex	211--217	pp. 188--194	Section 8.5, Unbound Orbits: Deflection of Light by the Sun; equations (8.5.1)--(8.5.12), Figures 8.1, Tables 8.1--8.2.	Figure 8.1; Tables 8.1 and 8.2 with source notes; reference markers 2--4.	source-reviewed and compile-clean.	the source prose and Table 8.1 give different uncertainty estimates for the two 1919 eclipse expeditions; both are preserved and marked VERIFY SOURCE below.
8	Classic Tests of Einstein's Theory	8.6	Bound Orbits: Precession of Perihelia	latex/chapters/chapter08/sec86.tex	217--224	pp. 194--201	Section 8.6, Bound Orbits: Precession of Perihelia; equations (8.6.1)--(8.6.13), Figure 8.2, Table 8.3.	Figure 8.2; Table 8.3; reference markers 5--12.	source-reviewed and compile-clean.	"SOURCE ERRATUM -- the scan says ""Table 8.2"" where the data are in Table 8.3; the reference is corrected below."
8	Classic Tests of Einstein's Theory	8.7	Radar Echo Delay	latex/chapters/chapter08/sec87.tex	224--230	pp. 201--207	Section 8.7, Radar Echo Delay; equations (8.7.1)--(8.7.17) and Figure 8.3.	Figure 8.3; reference markers 13--19.	source-reviewed and compile-clean.	the source spells Doppler with an umlaut in both occurrences; the historical spelling is preserved and marked below.
8	Classic Tests of Einstein's Theory	8.8	The Schwarzschild Singularity	latex/chapters/chapter08/sec88.tex	230--231	pp. 207--208	Section 8.8, The Schwarzschild Singularity; equations (8.8.1)--(8.8.3).	one optional-reading footnote; reference marker 20.	source-reviewed and compile-clean.	Eq. (8.8.3) is converted from the source's time-positive local coordinate ordering to the target (-+++) convention; see MODERNIZATION CHECK below.
8	Classic Tests of Einstein's Theory	backmatter	Chapter 8 back matter	latex/chapters/chapter08/backmatter.tex	232--233	pp. 209--210	Chapter 8 bibliography and references 1--20.	none.	source-reviewed and compile-clean.	none.
9	Post-Newtonian Celestial Mechanics	opening	Chapter 9 opening	latex/chapters/chapter09/introduction.tex	234--235	pp. 211--212	Chapter 9 epigraph and opening overview.	reference marker 1; no figures or tables.	source-reviewed and compile-clean.	none.
9	Post-Newtonian Celestial Mechanics	9.1	The Post-Newtonian Approximation	latex/chapters/chapter09/sec91.tex	235--243	pp. 212--220	Section 9.1, The Post-Newtonian Approximation; equations (9.1.1)--(9.1.75).	no figures or tables.	source-reviewed and compile-clean.	Weinberg's stacked perturbative-order numerals are rendered as parenthesized superscripts; curvature-sign conversion is documented immediately below and has been checked against the target Newtonian limit. MODERNIZATION CHECK: Weinberg prints perturbative order as a numeral over the tensor symbol.  We use a parenthesized superscript, e.g. g_{\mu\nu}^{(N)}.  This is an order label, not a tensor index or power. MODERNIZATION CHECK: Equations (9.1.26)--(9.1.41) use the target curvature convention.  Thus every displayed Ricci component is the negative of the source expression at fixed slots, while the trace-reversed field equation has +8 pi G rather than the source's -8 pi G.  The metric solutions (9.1.53)--(9.1.75) are consequently unchanged.
9	Post-Newtonian Celestial Mechanics	9.2	Particle and Photon Dynamics	latex/chapters/chapter09/sec92.tex	243--245	pp. 220--222	Section 9.2, Particle and Photon Dynamics; equations (9.2.1)--(9.2.7).	no figures or tables.	source-reviewed and compile-clean.	none.
9	Post-Newtonian Celestial Mechanics	9.3	The Energy-Momentum Tensor	latex/chapters/chapter09/sec93.tex	245--248	pp. 222--225	Section 9.3, The Energy-Momentum Tensor; equations (9.3.1)--(9.3.12).	reference marker 1; no figures or tables.	source-reviewed and compile-clean.	none.
9	Post-Newtonian Celestial Mechanics	9.4	Multipole Fields	latex/chapters/chapter09/sec94.tex	248--252	pp. 225--229	Section 9.4, Multipole Fields; equations (9.4.1)--(9.4.36).	no figures or tables.	source-reviewed and compile-clean.	Weinberg's stacked perturbative-order numerals are rendered as parenthesized superscripts.  The source prints d^4x' in (9.4.29) and the first line of (9.4.33); these are corrected to the spatial volume element d^3x', as required by the immediately following angular/radial reduction.
9	Post-Newtonian Celestial Mechanics	9.5	Precession of Perihelia	latex/chapters/chapter09/sec95.tex	253--256	pp. 230--233	Section 9.5, Precession of Perihelia; equations (9.5.1)--(9.5.22).	reference marker 1; no figures or tables.	source-reviewed and compile-clean.	none.
9	Post-Newtonian Celestial Mechanics	9.6	Precession of Orbiting Gyroscopes	latex/chapters/chapter09/sec96.tex	256--261	pp. 233--238	Section 9.6, Precession of Orbiting Gyroscopes; equations (9.6.1)--(9.6.24).	reference markers 2--7; no figures or tables.	source-reviewed and compile-clean.	(9.6.1) augments the source's coordinate equation with its equivalent D/Dtau form; perturbative orders use parenthesized superscripts. MODERNIZATION CHECK: Equation (9.6.1) displays the covariant worldline derivative requested for this edition and retains Weinberg's coordinate form as an explicit equivalent.  Perturbative-order numerals are rendered as parenthesized superscripts, consistently with Section 9.1.
9	Post-Newtonian Celestial Mechanics	9.7	Spin Precession and Mach's Principle	latex/chapters/chapter09/sec97.tex	262--264	pp. 239--241	Section 9.7, Spin Precession and Mach's Principle; no numbered equations.	optional-reading footnote; reference markers 8--10; no figures or tables.	source-reviewed and compile-clean.	none.
9	Post-Newtonian Celestial Mechanics	9.8	Post-Newtonian Hydrodynamics	latex/chapters/chapter09/sec98.tex	264--267	pp. 241--244	Section 9.8, Post-Newtonian Hydrodynamics; equations (9.8.1)--(9.8.18).	optional-reading footnote; reference marker 11; no figures or tables.	source-reviewed and compile-clean.	the final coefficient in the source's (9.8.13), repeated on the left of (9.8.15), reads phi v^2. Dimensional consistency and direct expansion of (9.8.1)--(9.8.3) require rho v^2; this evident source typo is corrected. The source also prints 1-v^2-2phi in (9.8.14), whereas (9.8.11) and the stated sum of (9.3.2) and (9.3.4) require 1+v^2-2phi; that sign is corrected as well. MODERNIZATION CHECK: Divergences of momentum-flux dyadics are written with an explicit tensor product. Perturbative-order numerals are rendered as parenthesized superscripts.
9	Post-Newtonian Celestial Mechanics	9.9	Approximate Solutions to the Brans-Dicke Theory	latex/chapters/chapter09/sec99.tex	267--271	pp. 244--248	Section 9.9, Approximate Solutions to the Brans--Dicke Theory; equations (9.9.1)--(9.9.29).	no figures, tables, footnotes, or reference markers.	source-reviewed and compile-clean.	the Brans--Dicke scalar is renamed Phi_BD before reparametrization; (9.9.3)--(9.9.4) are converted to the target curvature sign; perturbative orders use parenthesized superscripts. MODERNIZATION CHECK: The Brans--Dicke scalar is denoted Phi_BD before its reparametrization, avoiding a collision with the Newtonian potential phi. Covariant derivatives use nabla and Box. Perturbative-order numerals are rendered as parenthesized superscripts. MODERNIZATION CHECK: Equations (9.9.3) and (9.9.4) use the target curvature convention, so both sides are the negatives of the source equations. The component field equations (9.9.7)--(9.9.10) and all resulting metric solutions are consequently unchanged.
9	Post-Newtonian Celestial Mechanics	backmatter	Chapter 9 back matter	latex/chapters/chapter09/backmatter.tex	271--272	pp. 248--249	Chapter 9 bibliography and references 1--11.	none.	source-reviewed and compile-clean.	none.
10	Gravitational Radiation	opening	Chapter 10 opening	latex/chapters/chapter10/introduction.tex	273--274	pp. 251--252	Chapter 10 opening material before Section 10.1.	chapter epigraph; no figures or tables.	source-reviewed and compile-clean.	none.
10	Gravitational Radiation	10.1	The Weak-Field Approximation	latex/chapters/chapter10/sec101.tex	274--277	pp. 252--255	Section 10.1, The Weak-Field Approximation; equations (10.1.1)--(10.1.14).	none.	source-reviewed and compile-clean.	none. MODERNIZATION: Equations (10.1.2) and the unnumbered contracted Bianchi identity use the target curvature sign convention. Gauge displacements are denoted xi, the d'Alembertian is Box rather than Weinberg's square-squared glyph, and repeated coordinate derivatives are written compactly.
10	Gravitational Radiation	10.2	Plane Waves	latex/chapters/chapter10/sec102.tex	277--280	pp. 255--258	Section 10.2, Plane Waves; equations (10.2.1)--(10.2.17).	none.	source-reviewed and compile-clean.	"Physical source p. 280 (printed p. 258) is severely washed out. Its text was recovered from a legible scan of the same edition and checked against the visible fragments and surrounding pages. MODERNIZATION: The wave vector is written in time-first order, gauge displacement is xi with constant parameter zeta, and the source's electromagnetism gauge attribution is corrected to ""Lorenz gauge."""
10	Gravitational Radiation	10.3	Energy and Momentum of Plane Waves	latex/chapters/chapter10/sec103.tex	281--282	pp. 259--260	Section 10.3, Energy and Momentum of Plane Waves; equations (10.3.1)--(10.3.7).	none.	source-reviewed and compile-clean.	none. MODERNIZATION: R^(N) is the target-convention curvature and hence the negative of Weinberg's R^(N). The signs in (10.3.1), (10.3.2), and (10.3.4) have been converted together, leaving the positive physical energy-momentum formulas (10.3.5)--(10.3.7) unchanged.
10	Gravitational Radiation	10.4	Generation of Gravitational Waves	latex/chapters/chapter10/sec104.tex	282--288	pp. 260--266	Section 10.4, Generation of Gravitational Waves; equations (10.4.1)--(10.4.32).	none.	source-reviewed and compile-clean.	none.
10	Gravitational Radiation	10.5	Quadrupole Radiation	latex/chapters/chapter10/sec105.tex	289--295	pp. 267--273	Section 10.5, Quadrupole Radiation; equations (10.5.1)--(10.5.25).	reference markers 1--4; no figures or tables.	source-reviewed and compile-clean.	Printed p. 272 says Eq. (10.5.23) gives the point-mass radiated power, but (10.5.23) merely defines I; the intended reference is evidently Eq. (10.5.22), used below and recorded as a source anomaly.
10	Gravitational Radiation	10.6	Scattering and Absorption of Gravitational Radiation	latex/chapters/chapter10/sec106.tex	296--298	pp. 274--276	Section 10.6, Scattering and Absorption of Gravitational Radiation; equations (10.6.1)--(10.6.15).	reference markers 5--11; no figures or tables.	source-reviewed and compile-clean.	none.
10	Gravitational Radiation	10.7	Detection of Gravitational Radiation	latex/chapters/chapter10/sec107.tex	298--307	pp. 276--285	Section 10.7, Detection of Gravitational Radiation; equations (10.7.1)--(10.7.19), including the unnumbered resonance formulas.	Figure 10.1; reference markers 1, 3, 12--22.	source-reviewed and compile-clean.	none.
10	Gravitational Radiation	10.8	Quantum Theory of Gravitation	latex/chapters/chapter10/sec108.tex	307--313	pp. 285--289	Section 10.8, Quantum Theory of Gravitation; equations (10.8.1)--(10.8.16), including unnumbered transition, absorption, field, and gauge-transformation formulas.	one optional-reading footnote; reference markers 23--34; no figures or tables.	source-reviewed and compile-clean.	none. Source anomaly: physical PDF pp. 312--313 duplicate printed pp. 288--289 already present as physical pp. 310--311; no text is lost. Source anomaly: after Eq. (10.8.16), the source calls h_{\mu\nu} ``the operator (10.8.15)''; the intended field operator is Eq. (10.8.14), used here. Modernization: the infinitesimal gauge displacement in the unnumbered post-Lorentz-transformation formula is written \xi_\mu.
10	Gravitational Radiation	10.9	Gravitational Disturbances in Gravitational Fields	latex/chapters/chapter10/sec109.tex	314--316	pp. 290--292	Section 10.9, Gravitational Disturbances in Gravitational Fields; equations (10.9.1)--(10.9.10), including the unnumbered coordinate, Lie-derivative, and perfect-fluid formulas.	one optional-reading footnote; no references, figures, or tables.	source-reviewed and compile-clean.	none. Modernization: the source operator \Delta_\epsilon is written \mathcal L_\xi throughout, with \xi^\mu the gauge vector. Curvature conversion: Eqs. (10.9.2)--(10.9.4) are sign-converted from the source Ricci convention to the binding target convention; Eq. (10.9.4) consequently has +8\pi G.
10	Gravitational Radiation	backmatter	Chapter 10 back matter	latex/chapters/chapter10/backmatter.tex	317--319	pp. 293--295	Chapter 10 bibliography and references 1--34.	none.	source-reviewed and compile-clean.	none.
11	Stellar Equilibrium and Collapse	opening	Chapter 11 opening	latex/chapters/chapter11/introduction.tex	320--322	pp. 297--299	Chapter 11 opening material before Section 11.1.	chapter epigraph; Figure 11.1; no tables or footnotes.	source-reviewed and compile-clean.	none.
11	Stellar Equilibrium and Collapse	11.1	Differential Equations for Stellar Structure	latex/chapters/chapter11/sec111.tex	322--327	pp. 299--304	Section 11.1, Differential Equations for Stellar Structure; equations (11.1.1)--(11.1.31).	none.	source-reviewed and compile-clean.	SOURCE ERRATA -- (11.1.19) uses the four-dimensional determinant, and the prose prints A Delta s/T; corrected.
11	Stellar Equilibrium and Collapse	11.2	Stability	latex/chapters/chapter11/sec112.tex	327--330	pp. 304--308	Section 11.2, Stability; Theorems 1 and 2 and their unnumbered displayed equations.	no figures or tables; reference callouts 1--3.	source-reviewed and compile-clean.	none. The omitted local page is documented above.
11	Stellar Equilibrium and Collapse	11.3	Newtonian Stars: Polytropes and White Dwarfs	latex/chapters/chapter11/sec113.tex	330--339	pp. 308--317	Section 11.3, Newtonian Stars: Polytropes and White Dwarfs; equations (11.3.1)--(11.3.52).	Table 11.1; reference callouts 4--9.	source-reviewed and compile-clean.	none.
11	Stellar Equilibrium and Collapse	11.4	Neutron Stars	latex/chapters/chapter11/sec114.tex	339--347	pp. 317--325	Section 11.4, Neutron Stars; equations (11.4.1)--(11.4.29).	Figure 11.2; reference callouts 8, 10--22.	source-reviewed and compile-clean.	none.
11	Stellar Equilibrium and Collapse	11.5	Supermassive Stars	latex/chapters/chapter11/sec115.tex	347--352	pp. 325--330	Section 11.5, Supermassive Stars; equations (11.5.1)--(11.5.18).	no figures or tables; reference callouts 23--24.	source-reviewed and compile-clean.	none.
11	Stellar Equilibrium and Collapse	11.6	Stars of Uniform Density	latex/chapters/chapter11/sec116.tex	352--357	pp. 330--335	Section 11.6, Stars of Uniform Density; equations (11.6.1)--(11.6.20).	no figures or tables; reference callouts 25--29.	source-reviewed and compile-clean.	the curvature-sign conversion is documented at Eqs. (11.6.12)--(11.6.13); none unresolved.
11	Stellar Equilibrium and Collapse	11.7	Time-Dependent Spherically Symmetric Fields	latex/chapters/chapter11/sec117.tex	357--360	pp. 335--338	Section 11.7, Time-Dependent Spherically Symmetric Fields; equations (11.7.1)--(11.7.9).	no figures or tables; reference callout 30.	source-reviewed and compile-clean.	the curvature-sign conversion is documented at Eqs. (11.7.4)--(11.7.7); none unresolved.
11	Stellar Equilibrium and Collapse	11.8	Comoving Coordinates	latex/chapters/chapter11/sec118.tex	360--363	pp. 338--341	Section 11.8, Comoving Coordinates; equations (11.8.1)--(11.8.19).	no figures or tables; reference callout 31.	source-reviewed and compile-clean.	the factor-of-two source anomaly following case (B) is documented at the correction below; the curvature conversion is documented at Eqs. (11.8.14)--(11.8.17).
11	Stellar Equilibrium and Collapse	11.9	Gravitational Collapse	latex/chapters/chapter11/sec119.tex	364--371	pp. 342--349	Section 11.9, Gravitational Collapse; equations (11.9.1)--(11.9.46).	no figures or tables; reference callouts 32--39.	source-reviewed and compile-clean.	the curvature-sign conversion is documented at Eqs. (11.9.9)--(11.9.12); none unresolved.
11	Stellar Equilibrium and Collapse	backmatter	Chapter 11 back matter	latex/chapters/chapter11/backmatter.tex	372--376	pp. 350--354	Chapter 11 bibliography and references 1--39.	none.	source-reviewed and compile-clean.	none.
12	The Action Principle	opening	Chapter 12 opening	latex/chapters/chapter12/introduction.tex	378--379	pp. 357--358	Chapter 12 epigraph and opening overview before Section 12.1.	chapter epigraph; no figures, tables, or footnotes.	source-reviewed and compile-clean.	none.
12	The Action Principle	12.1	The Matter Action: An Example	latex/chapters/chapter12/sec121.tex	379--381	pp. 358--360	Section 12.1, The Matter Action: An Example; equations (12.1.1)--(12.1.6).	none.	source-reviewed and compile-clean.	time-first determinant factors, D/Dtau in (12.1.1), and normalized antisymmetrization in (12.1.4) are documented below and source-checked. MODERNIZATION CHECK: The source lists its three spatial coordinates before time; here all spacetime indices are time-first and the invariant measure is sqrt(-g). Weinberg's I_M notation and the charge-coupling sign are retained. Equation (12.1.1) uses the requested D/Dtau notation while displaying its expanded connection form once. Equation (12.1.4) uses normalized antisymmetrization. LITERAL-OPERATOR AUDIT: every leading + or - in the three unnumbered multiline variations was checked against physical PDF pp. 380--381.
12	The Action Principle	12.2	General Definition of \(T^{\mu\nu}\)	latex/chapters/chapter12/sec122.tex	381--382	pp. 360--361	Section 12.2, General Definition of T^{mu nu}; equations (12.2.1)--(12.2.6).	none.	source-reviewed and compile-clean.	determinant factors and the inverse-metric Hilbert definition of T are documented below and source-checked. MODERNIZATION CHECK: sqrt(g) is converted to sqrt(-g), and the definition of T is also stated in the binding inverse-metric form. The signs in the particle and electromagnetic contributions were checked directly against the variation of (12.1.6). LITERAL-OPERATOR AUDIT: the leading plus between the particle and field pieces of the unnumbered delta I_M display, and the minus 1/4 trace term, were checked against physical PDF p. 381.
12	The Action Principle	12.3	General Covariance and Energy-Momentum Conservation	latex/chapters/chapter12/sec123.tex	382--384	pp. 361--363	Section 12.3, General Covariance and Energy-Momentum Conservation; equations (12.3.1)--(12.3.2).	none.	source-reviewed and compile-clean.	coordinate displacements, Lie derivatives, and compact conservation laws are documented below and source-checked. MODERNIZATION CHECK: Weinberg's coordinate displacement epsilon^mu is xi^mu here, and the field changes in (12.3.1) are identified explicitly as minus Lie derivatives. Comma derivatives in (12.3.2) and in the current conservation law are replaced by nabla. LITERAL-OPERATOR AUDIT: the minus sign in front of the metric variation, the minus metric-derivative term after integration by parts, and the minus sign in the integrated gauge variation were checked against pp. 383--384.
12	The Action Principle	12.4	The Gravitational Action	latex/chapters/chapter12/sec124.tex	385--386	pp. 364--365	Section 12.4, The Gravitational Action; equations (12.4.1)--(12.4.3).	none.	source-reviewed and compile-clean.	the curvature/action sign conversion in (12.4.2)--(12.4.3) is documented below and checked against Einstein's equation. MODERNIZATION CHECK: At fixed slots the target Riemann, Ricci, scalar, and Einstein tensors are the negatives of Weinberg's. Consequently the source minus sign in (12.4.2) becomes a plus, while its covariant-metric variation (12.4.3) becomes a minus. The resulting equation is G^{mu nu}=8 pi G T^{mu nu}, as required by the binding convention. LITERAL-OPERATOR AUDIT: both terms in the Palatini divergence, the minus sign in (12.4.3), and the matter term in the final field equation were checked independently against physical PDF p. 385 after conversion.
12	The Action Principle	12.5	The Tetrad Formalism	latex/chapters/chapter12/sec125.tex	386--394	pp. 365--373	Section 12.5, The Tetrad Formalism; equations (12.5.1)--(12.5.36).	one optional-reading footnote; reference marker 1; no figures or tables.	source-reviewed and compile-clean.	tetrad notation and the source's inverse-tetrad/co-tetrad variation-sign mismatch are documented below; the co-tetrad formulation is checked against the Hilbert stress tensor. MODERNIZATION CHECK: Weinberg's V^alpha_mu is e^a_mu, its inverse is e_a^mu, local-frame indices are Latin, and his starred local components are written directly with Latin indices. Partial/covariant derivatives are compact, and coordinate displacements are xi. SOURCE ANOMALY / MODERNIZATION CHOICE: In (12.5.26) the source varies the inverse tetrad V_alpha^mu, but (12.5.27) assigns U the sign appropriate to a variation of the co-tetrad. Taken literally, those signs conflict with the metric variation printed before (12.5.35). Equations (12.5.26)--(12.5.35) below consistently use the co-tetrad e^a_mu as the varied field. This keeps Weinberg's positive definition (12.5.27), the binding Hilbert definition T_mn=-2/sqrt(-g) delta I_M/delta g^mn, and (12.5.36) mutually consistent.
12	The Action Principle	backmatter	Chapter 12 back matter	latex/chapters/chapter12/backmatter.tex	394	p. 373	Chapter 12 references.	one numbered reference; no figures, tables, or footnotes.	source-reviewed and compile-clean.	none.
13	Symmetric Spaces	opening	Chapter 13 opening	latex/chapters/chapter13/introduction.tex	395	p. 375	Chapter 13 opening material before Section 13.1.	chapter epigraph; no figures, tables, or footnotes.	source-reviewed and compile-clean.	none.
13	Symmetric Spaces	13.1	Killing Vectors	latex/chapters/chapter13/sec131.tex	395--401	pp. 375--381	Section 13.1, Killing Vectors; equations (13.1.1)--(13.1.12), including all intervening unnumbered displays.	no figures, tables, or footnotes; reference 1.	source-reviewed and compile-clean.	none. MODERNIZATION: Coordinate derivatives are compact, comma/semicolon derivatives are explicit partial/covariant derivatives, and xi denotes the infinitesimal displacement/Killing field. Curvature terms in (13.1.6), (13.1.9), and the rank-two commutator following the flat-space example have been converted to the target curvature sign convention. LITERAL-OPERATOR AUDIT: all continuation operators in (13.1.4), (13.1.8), (13.1.12), and the unnumbered rank-two commutator were checked against the source; the two continuation plus signs in (13.1.4) are explicit.
13	Symmetric Spaces	13.2	Maximally Symmetric Spaces: Uniqueness	latex/chapters/chapter13/sec132.tex	401--407	pp. 381--385	Section 13.2, Maximally Symmetric Spaces: Uniqueness; equations (13.2.1)--(13.2.20), including all unnumbered displays.	none.	source-reviewed and compile-clean.	none. MODERNIZATION: R denotes the curvature scalar. The curvature sign is the target sign, so K is the usual sectional-curvature constant: R=N(N-1)K, R_{\mu\nu}=(N-1)K g_{\mu\nu}, and the constant-curvature Riemann tensor has the target sign. Repeated coordinate derivatives are compact except where the Jacobian structure is pedagogically essential. LITERAL-OPERATOR AUDIT: every continuation operator in the curvature contractions and the power-series uniqueness proof was checked against the source; the contracted Bianchi identity retains its full tensor structure.
13	Symmetric Spaces	13.3	Maximally Symmetric Spaces: Construction	latex/chapters/chapter13/sec133.tex	407 and 410--414	pp. 385--389 and 391	Section 13.3, Maximally Symmetric Spaces: Construction; equations (13.3.1)--(13.3.43), including all unnumbered displays.	Figure 13.1; reference 2.	source-reviewed and compile-clean.	printed p. 389 cites Eq. (13.2.21), which does not exist; the affine-connection calculation plainly uses Eq. (13.3.21), and the in-text cross-reference is corrected accordingly. MODERNIZATION: Line elements use ds^2 and the (-+++) signature. The space-time formulas (13.3.39), (13.3.41), and (13.3.43) have consequently been rewritten with a negative time term. The two curvature displays after (13.3.22) use the target curvature sign convention. Coordinate derivatives are compact, while pedagogically useful Jacobians remain explicit. LITERAL-OPERATOR AUDIT: every multiline display was checked against the source; the continuation plus signs in (13.3.3), (13.3.4), (13.3.17), and (13.3.23) are explicit.
13	Symmetric Spaces	13.4	Tensors in a Maximally Symmetric Space	latex/chapters/chapter13/sec134.tex	415--417	pp. 392--395	Section 13.4, Tensors in a Maximally Symmetric Space; equations (13.4.1)--(13.4.11), including all unnumbered displays.	none.	source-reviewed and compile-clean.	none. MODERNIZATION: The infinitesimal displacement is xi, coordinate derivatives are compact, and the arbitrary antisymmetric matrix at X is written as nabla_mu xi_sigma rather than the source's semicolon notation. LITERAL-OPERATOR AUDIT: all terms and continuation operators in the Lie derivative and tensor-classification displays were checked against the source.
13	Symmetric Spaces	13.5	Spaces with Maximally Symmetric Subspaces	latex/chapters/chapter13/sec135.tex	417--426	pp. 395--404	Section 13.5, Spaces with Maximally Symmetric Subspaces; equations (13.5.1)--(13.5.32), all intervening unnumbered displays, and Table 13.1.	Table 13.1; no figures or footnotes.	source-reviewed and compile-clean.	printed p. 400 says “multiplying (13.4.19),” but the displayed equation immediately used is (13.5.19); the in-text cross-reference is corrected accordingly. MODERNIZATION: Line elements use ds^2. The final cosmological metric (13.5.32) uses (-+++), and coordinate derivatives are written compactly. The bar on \bar g^{ij} is retained where it distinguishes the inverse of the submatrix g_{ij} from the ij block of the inverse full metric. LITERAL-OPERATOR AUDIT: all continuation operators in the coordinate-change, integrability, Killing-vector, and metric displays were checked against the source, including every term in (13.5.19).
13	Symmetric Spaces	backmatter	Chapter 13 back matter	latex/chapters/chapter13/backmatter.tex	426	p. 404	Chapter 13 bibliography and references 1--2.	none.	source-reviewed and compile-clean.	none.
14	Cosmography	opening	Chapter 14 opening	latex/chapters/chapter14/introduction.tex	428--430	pp. 407--409	Chapter 14 epigraph and opening overview before Section 14.1.	epigraph; linked reference markers 1--9; no figures, tables, or footnotes.	source-reviewed and compile-clean; visually proofed.	none.
14	Cosmography	14.1	The Cosmological Principle	latex/chapters/chapter14/sec141.tex	430--433	pp. 409--412	Section 14.1, The Cosmological Principle; equations (14.1.1)--(14.1.12).	no figures, tables, footnotes, or reference markers.	source-reviewed and compile-clean; visually proofed.	the source's time-last component notation is converted to the binding time-first convention below. MODERNIZATION CHECK: spacetime components are ordered time first; spatial indices i,j remain Latin and every Killing vector has vanishing 0-component. LITERAL-OPERATOR AUDIT: the plus sign joining the two sums in (14.1.8) and the minus sign in (14.1.10) were checked against physical PDF p. 432.
14	Cosmography	14.2	The Robertson-Walker Metric	latex/chapters/chapter14/sec142.tex	433--436	pp. 412--415	Section 14.2, The Robertson--Walker Metric; equations (14.2.1)--(14.2.21).	one source footnote following (14.2.21); no figures, tables, or reference markers.	source-reviewed and compile-clean; visually proofed.	the scale-factor, quasitranslation-vector, rotation-matrix, signature, determinant, and continuity-equation modernizations are documented below. MODERNIZATION CHECK: R_source(t) -> a(t) everywhere. The source's arbitrary quasitranslation vector a_source -> bold b in (14.2.7), avoiding a collision with the scale factor. Its rotation matrix R -> O, reserving R for curvature. Equation (14.2.1) is written as ds^2 in (-+++), and (14.2.16) as -g>0. Equation (14.2.19) displays both Weinberg's form and the equivalent modern continuity equation, defining H=dot a/a for later use. LITERAL-OPERATOR AUDIT: the plus signs in (14.2.7), (14.2.12), and every continuation line of (14.2.18), together with the minus sign in 1-kr^2, were checked directly against physical PDF pp. 434--436.
14	Cosmography	14.3	The Red Shift	latex/chapters/chapter14/sec143.tex	436--438	pp. 415--417	Section 14.3, The Red Shift; equations (14.3.1)--(14.3.8), including the final two paragraphs restored from printed p. 418.	linked reference markers 10--13; no figures, tables, or footnotes.	source-reviewed and compile-clean; visually proofed.	the null-line-element, scale-factor, Hubble-parameter, and Doppler-spelling modernizations are documented below. MODERNIZATION CHECK: R_source(t) -> a(t), the null line element uses ds^2 with (-+++), and (14.3.8) uses H(t)=dot a/a already defined in (14.2.19). The source's archaic “Döppler” spelling is regularized to “Doppler.” RESTORED SOURCE: source-supplements/printed-p418.png supplies the end of this section after physical p. 438; it was checked at full resolution. LITERAL-OPERATOR AUDIT: the subtraction in (14.3.5), the -1 in (14.3.6), and all successive approximate equalities in (14.3.8) were source-checked.
14	Cosmography	14.4	Measures of Distance	latex/chapters/chapter14/sec144.tex	439--449	pp. 419--427	Section 14.4, Measures of Distance; equations (14.4.1)--(14.4.45), all intervening unnumbered displays, and the concluding photometric conventions before Section 14.5.	Figures 14.1--14.2; linked reference markers 14--16; no tables or footnotes.	source-reviewed and compile-clean; visually proofed.	the restored leaf, repeated leaves, scale-factor, light-path parameter, parallax, Boltzmann-constant, and source wording modernizations are documented below. RESTORED SOURCE: source-supplements/printed-p418.png supplies the beginning of this section before physical p. 439; it was checked at full resolution. MODERNIZATION CHECK: R_source(t) -> a(t). The source path parameter rho is renamed sigma to avoid collision with the cosmic density rho; its small parallax angle theta is written vartheta to avoid collision with the polar coordinate; trigonometric parallax pi is written varpi; and Boltzmann's constant is k_B, reserving k for spatial curvature. VERIFY SOURCE: after (14.4.37) the scan calls l a bolometric apparent “magnitude,” but (14.4.12) defines it as luminosity. The prose below uses “luminosity” and records the printed slip here rather than silently hiding it.
14	Cosmography	14.5	The Cosmic Distance Ladder	latex/chapters/chapter14/sec145.tex	449--463	pp. 427--439	Section 14.5, The Cosmic Distance Ladder; all unnumbered displays and the complete text through the summary of the ladder.	Figures 14.3--14.10; linked reference markers 17--38; no tables or footnotes.	source-reviewed and compile-clean; visually proofed.	the parallax-symbol and unit-format modernizations are documented below; no unresolved source uncertainty remains. RESTORED SOURCE: source-supplements/printed-p440.png supplies the final printed page of this section after the repeated physical leaves and was checked at full resolution. MODERNIZATION CHECK: trigonometric parallax is written \varpi, consistently with Section 14.4, rather than the source's collision-prone \pi. Units use upright roman type. Historical values and terminology are retained.
14	Cosmography	14.6	The Red-Shift Versus Distance Relation	latex/chapters/chapter14/sec146.tex	464--474	pp. 441--451	Section 14.6, The Red-Shift Versus Distance Relation; equations (14.6.1)--(14.6.24) and all intervening unnumbered displays.	Figures 14.11--14.12; linked reference markers 13, 27, 34, 39--61, and 68; no tables or footnotes.	source-reviewed and compile-clean; visually proofed.	the scale-factor, derivative, logarithm, unit, and spelling modernizations are documented below; no unresolved source uncertainty remains. MODERNIZATION CHECK: the printed scale-factor symbol and its present-value form are written as a(t) and a_0, with all derivatives shown by dots. The printed obsolete spelling of ``deceleration'' is regularized. Its typographical ln_10 means log base ten and is written \log_{10}. Units are upright and use inverse-power notation. LITERAL-OPERATOR AUDIT: the signs in (14.6.1), (14.6.4)--(14.6.10), (14.6.12), (14.6.20)--(14.6.24), and both curvature square roots were checked directly against physical pp. 464--474.
14	Cosmography	14.7	Number Counts	latex/chapters/chapter14/sec147.tex	474--481	pp. 451--458	Section 14.7, Number Counts; equations (14.7.1)--(14.7.36), all intervening unnumbered displays, and Table 14.1.	Table 14.1 and its source note; linked reference markers 62--64 and 69; no figures or footnotes.	source-reviewed and compile-clean; visually proofed.	the scale-factor, proper-volume, derivative, and unit modernizations are documented below; no unresolved source uncertainty remains. MODERNIZATION CHECK: the printed scale-factor symbol is written a(t); the positive spatial-volume determinant is denoted gamma rather than by the full spacetime determinant; partial derivatives use compact notation; and units are upright with inverse powers. LITERAL-OPERATOR AUDIT: every exponent and sign in (14.7.10)--(14.7.17), (14.7.20)--(14.7.31), and (14.7.33)--(14.7.36) was checked directly against physical pp. 476--480.
14	Cosmography	14.8	The Steady State Cosmology	latex/chapters/chapter14/sec148.tex	482--487	pp. 459--464	Section 14.8, The Steady State Cosmology; equations (14.8.1)--(14.8.23), all intervening unnumbered displays, and the concluding paragraph before the chapter bibliography.	linked reference markers 57, 63, and 65--67; no figures, tables, or footnotes.	source-reviewed and compile-clean; visually proofed.	the signature, scale-factor, time-index, divergence, unit, spelling, and corrected cumulative-count notation are documented below; no unresolved source uncertainty remains. MODERNIZATION CHECK: the printed scale-factor symbol is written a(t); time is index 0; the metric (14.8.5) is converted to (-+++); covariant divergences are explicit; the obsolete spelling of ``deceleration'' is regularized; and units are upright with inverse powers. VERIFY SOURCE: physical p. 485 says that an observed value of N(>z) is smaller than the prediction (14.8.17), but both the definition and the logic require N(<z). The evident inequality slip is corrected in prose. LITERAL-OPERATOR AUDIT: the minus signs in (14.8.2), (14.8.3), (14.8.16), and (14.8.20)--(14.8.23), and the nested roots in (14.8.14) and (14.8.18), were checked directly against the source.
14	Cosmography	backmatter	Chapter 14 back matter	latex/chapters/chapter14/backmatter.tex	487--492	pp. 464--468	Chapter 14 bibliography and references 1--69.	none.	source-reviewed and compile-clean; visually proofed.	SOURCE ERRATUM -- reference 13's printed year conflicts with both the text and cited volume; it is corrected below. SOURCE ERRATUM: reference 13 prints 1927, although Section 14.6 calls this Hubble's 1929 discovery and volume 15 of the Proceedings is from 1929. The reference below uses 1929.
15	Cosmology: The Standard Model	opening	Chapter 15 opening	latex/chapters/chapter15/introduction.tex	493--494	pp. 469--470; p. 494 only through the text preceding Section 15.1	Chapter 15 opening material before Section 15.1.	chapter epigraph; no figures, tables, or footnotes.	source-reviewed and compile-clean.	none.
15	Cosmology: The Standard Model	15.1	Einstein's Equations	latex/chapters/chapter15/sec151.tex	494--499	pp. 470--475; boundary pages are partial	Section 15.1, Einstein's Equations; equations (15.1.1)--(15.1.26), including all unnumbered displays.	reference notes 1 and 2; no figures or tables.	source-reviewed and compile-clean.	curvature/sign modernization checks are documented below; no unresolved source readings. MODERNIZATION: R_{\mathrm{source}}(t) -> a(t); H=\dot a/a. Compact partial derivatives replace long coordinate quotients. Curvature-dependent formulas use the binding convention R^\rho{}_{\sigma\mu\nu} =\partial_\mu\Gamma^\rho{}_{\nu\sigma} -\partial_\nu\Gamma^\rho{}_{\mu\sigma}+\cdots, opposite to Weinberg's printed convention. The Friedmann equations themselves are unchanged.
15	Cosmology: The Standard Model	15.2	Density and Pressure of the Present Universe	latex/chapters/chapter15/sec152.tex	499--505	pp. 475--481; boundary pages are partial	Section 15.2, Density and Pressure of the Present Universe; equations (15.2.1)--(15.2.18), including unnumbered estimates.	reference notes 3--14a; no figures or tables.	source-reviewed and compile-clean.	"none. MODERNIZATION: R_{\mathrm{source}}(t) -> a(t), with H_0=(\dot a/a)_0 and q_0=-(a\ddot a/\dot a^2)_0. The source's nonstandard spelling is regularized to ""deceleration."""
15	Cosmology: The Standard Model	15.3	The Matter-Dominated Era	latex/chapters/chapter15/sec153.tex	505--515	pp. 481--491; boundary pages are partial	Section 15.3, The Matter-Dominated Era; equations (15.3.1)--(15.3.37), including all unnumbered displays.	Figure 15.1; reference notes 15--25; no tables.	source-reviewed and compile-clean.	"SOURCE ERRATUM -- the scan's t/3 in (15.3.34) conflicts with the preceding expression, which evaluates to 3t; corrected. MODERNIZATION: R_{\mathrm{source}}(t) -> a(t), with modern H and q notation throughout. The source's nonstandard spelling is regularized to ""deceleration."" Curvature signs do not appear explicitly beyond k here; the Friedmann equations already use the binding convention fixed and audited in Section 15.1."
15	Cosmology: The Standard Model	15.4	Intergalactic Emission and Absorption Processes	latex/chapters/chapter15/sec154.tex	515--532	pp. 491--506; boundary pages are partial	Section 15.4, Intergalactic Emission and Absorption Processes; equations (15.4.1)--(15.4.50), including all unnumbered displays.	Figure 15.2; reference notes 26--50c; no tables.	source-reviewed and compile-clean; visually proofed.	none. MODERNIZATION: R_{\mathrm{source}}(t) -> a(t), with a_0=a(t_0); H=\dot a/a and the existing modern q convention. Long coordinate derivatives are compacted where they occur. The source symbols N, \mathcal N, \Gamma, \Lambda, \Omega, and \Sigma are retained because they distinguish ray density, background spectral density, spontaneous emission, absorption, stimulated emission, and scattering. LITERAL-OPERATOR AUDIT: every leading sign and continuation operator in equations (15.4.1)--(15.4.50) was checked directly against physical PDF pp. 515--532, including the long transfer equations (15.4.9)--(15.4.14).
15	Cosmology: The Standard Model	15.5	The Cosmic Microwave Radiation Background	latex/chapters/chapter15/sec155.tex	532--556	pp. 506--528; boundary pages are partial	Section 15.5, The Cosmic Microwave Radiation Background; equations (15.5.1)--(15.5.42), including all unnumbered displays.	Figures 15.3--15.4; Tables 15.1--15.3; reference notes 51--86 (including lettered supplements).	source-reviewed and compile-clean; visually proofed.	none. MODERNIZATION: source scale factor -> a(t), and source present-epoch scale factor -> a_0, with H=\dot a/a and the existing modern q convention. The source's radiation constant a is written a_{\mathrm{rad}} to avoid collision with the scale factor. The photon four-vector in the Doppler calculation is written time-first for the binding (-+++) metric; all resulting observable formulas are unchanged. LITERAL-OPERATOR AUDIT: every leading sign and continuation operator in equations (15.5.1)--(15.5.42), especially (15.5.3), (15.5.24), and the geodesic formulas (15.5.34)--(15.5.37), was checked against pp. 532--556.
15	Cosmology: The Standard Model	15.6	Thermal History of the Early Universe	latex/chapters/chapter15/sec156.tex	556--573	pp. 528--545; boundary pages are partial	Section 15.6, Thermal History of the Early Universe; equations (15.6.1)--(15.6.70), including all unnumbered displays.	Figure 15.5; Table 15.4; reference notes 87--98 and 173.	source-reviewed and compile-clean; visually proofed.	none. MODERNIZATION: the source cosmological scale factor is written a(t), with a_0=a(t_0), while the black-body radiation constant is a_{\mathrm{rad}}. The standard spelling “deceleration” is used. No signature-dependent four-vector or curvature expression occurs in this section. The source's unrelated beta-decay normalization a is denoted \alpha to avoid a second collision with the scale factor. LITERAL-OPERATOR AUDIT: every leading sign and continuation operator in equations (15.6.1)--(15.6.70), including the entropy, energy-density, and degenerate-neutrino integrals, was checked against physical pp. 556--573.
15	Cosmology: The Standard Model	15.7	Helium Synthesis	latex/chapters/chapter15/sec157.tex	573--589	pp. 545--561; boundary pages are partial	Section 15.7, Helium Synthesis; equations (15.7.1)--(15.7.37), all intervening unnumbered displays, and Tables 15.5--15.7.	Tables 15.5--15.7 with source notes; linked reference markers 52, 93, 99--142; no figures or footnotes.	source-reviewed and compile-clean; visually proofed.	the unit and differential-measure modernizations are documented below; no unresolved source uncertainty remains. MODERNIZATION CHECK: units are set upright and differential measures use \dd. Source-era reaction and isotope notation is otherwise retained. No signature-, coordinate-order-, scale-factor-, action-, or worldline- derivative-dependent expression occurs in this section.
15	Cosmology: The Standard Model	15.8	The Formation of Galaxies	latex/chapters/chapter15/sec158.tex	589--599	pp. 561--571; boundary pages are partial	Section 15.8, The Formation of Galaxies; equations (15.8.1)--(15.8.36) and all intervening unnumbered displays.	Figure 15.6; linked reference markers 49 and 143--152a; no tables or footnotes.	source-reviewed and compile-clean; visually proofed.	the scale-factor, radiation-constant, derivative, and unit modernizations are documented below; no unresolved source uncertainty remains. MODERNIZATION CHECK: R_source(t) -> a(t), while the source radiation constant a_source -> a_{\mathrm{rad}} to prevent a symbol collision. Coordinate derivatives use compact notation, vector operators are bold, and units are upright. The section is Newtonian and contains no signature-, coordinate-order-, action-, or worldline-derivative expression.
15	Cosmology: The Standard Model	15.9	Newtonian Theory of Small Fluctuations	latex/chapters/chapter15/sec159.tex	599--606	pp. 571--578; boundary pages are partial	Section 15.9, Newtonian Theory of Small Fluctuations; equations (15.9.1)--(15.9.46), including all unnumbered displays.	reference notes 152a and 153--155; no figures or tables.	source-reviewed and compile-clean.	the source's inequalities following (15.9.43) select pressure-dominated modes as growing, opposite to (15.9.23) and to the later criterion after (15.9.46); SOURCE ERRATUM corrections are used below. MODERNIZATION: R_{\mathrm{source}}(t) -> a(t), with H=\dot a/a. To avoid collision with the spatial-curvature constant k, the source's physical wavevector k=q/R is written \mathbf{k}_{\mathrm{phys}}=\mathbf q/a.
15	Cosmology: The Standard Model	15.10	General-Relativistic Theory of Small Fluctuations	latex/chapters/chapter15/sec1510.tex	606--616	pp. 578--588; boundary pages are partial	Section 15.10, General-Relativistic Theory of Small Fluctuations; equations (15.10.1)--(15.10.59), including all unnumbered displays.	reference notes 156--157; no figures or tables.	source-reviewed and compile-clean.	the curvature components (15.10.18)--(15.10.20) and field equation (15.10.28) are converted to the binding curvature sign; the resulting dynamical component equations are unchanged because both sides reverse. In the unnumbered derivation preceding (15.10.55), the source's last equality drops a minus sign; it is corrected as a SOURCE ERRATUM. MODERNIZATION CHECK: R_{\mathrm{source}}(t) -> a(t), with H=\dot a/a. Weinberg's gauge displacement epsilon_mu is denoted xi_mu. Covariant and coordinate derivatives are written with nabla, dots, and compact partials.
15	Cosmology: The Standard Model	15.11	The Very Early Universe	latex/chapters/chapter15/sec1511.tex	616--624	pp. 588--593 and 595--597; boundary pages are partial	Section 15.11, The Very Early Universe; equations (15.11.1)--(15.11.28), including all unnumbered displays.	reference notes 149, 156, and 158--172; no figures or tables.	source-reviewed and compile-clean.	SOURCE ERRATA -- the final line of (15.11.4) omits exponent -1/2, and (15.11.21) reverses the derived coefficient; both are corrected below. RESTORED SOURCE: source-supplements/printed-p594.png supplies equations (15.11.25)--(15.11.27) and their surrounding prose. MODERNIZATION CHECK: R_{\mathrm{source}}(t) -> a(t). Weinberg's radiation constant a_source is written a_{\mathrm{rad}} to avoid collision with the modern scale factor. Coordinate and thermodynamic derivatives are compact.
15	Cosmology: The Standard Model	backmatter	Chapter 15 back matter	latex/chapters/chapter15/backmatter.tex	624--635	pp. 597--609	Chapter 15 bibliography and references 1--173.	none.	source-reviewed and compile-clean.	the source's unusual or inconsistent bibliographic spellings and punctuation are retained where legible. RESTORED SOURCE: printed-p602.png supplies references 43a--56, omitted from the bound scan between printed pages 601 and 603.
16	Cosmology: Other Models	opening	Chapter 16 opening	latex/chapters/chapter16/introduction.tex	636--637 (duplicate scans of printed p. 611; transcribed once).	UNKNOWN	Chapter 16 epigraph and opening material before Section 16.1.	chapter epigraph; no figures, tables, or footnotes.	source-reviewed and compile-clean.	none.
16	Cosmology: Other Models	16.1	Naive Models: The Olbers Paradox	latex/chapters/chapter16/sec161.tex	636--639	pp. 611--613; pp. 636--637 are duplicate scans of p. 611, and p. 639 is a boundary page	Section 16.1, Naive Models: The Olbers Paradox; equations (16.1.1)--(16.1.3), including all unnumbered displays.	linked reference markers 1--4; no figures or tables.	source-reviewed and compile-clean.	scale-factor notation conversion documented below; no source uncertainty. MODERNIZATION CHECK: R_{\mathrm{source}}(t) -> a(t); compact notation is used for the luminosity integrals.
16	Cosmology: Other Models	16.2	Models with a Cosmological Constant	latex/chapters/chapter16/sec162.tex	639--642	pp. 613--616; both boundary pages are partial	Section 16.2, Models with a Cosmological Constant; equations (16.2.1)--(16.2.15), including all unnumbered displays.	linked reference markers 5--13; no figures or tables.	source-reviewed and compile-clean.	curvature, cosmological-constant, and scale-factor conversions are documented below; no source uncertainty. MODERNIZATION CHECK: At fixed slots the target R_{\mu\nu}, R, and G_{\mu\nu} are the negatives of Weinberg's source curvature objects. Consequently (16.2.1)--(16.2.2) are written in the target form G_{\mu\nu}+\Lambda g_{\mu\nu}=8\pi G T_{\mu\nu}. The source cosmological-constant symbol is written \Lambda, and R_{\mathrm{source}}(t) is written a(t).
16	Cosmology: Other Models	16.3	The Steady State Model Revisited	latex/chapters/chapter16/sec163.tex	642--645	pp. 616--619; both boundary pages are partial	Section 16.3, The Steady State Model Revisited; equations (16.3.1)--(16.3.13), including all unnumbered displays.	linked reference markers 14--21; no figures or tables.	source-reviewed and compile-clean.	curvature and scale-factor conversions are documented below; no source uncertainty. MODERNIZATION CHECK: R_{\mathrm{source}}(t) -> a(t). At fixed slots the target Einstein tensor is the negative of Weinberg's. Keeping Weinberg's correction tensor C_{\mu\nu} unchanged therefore converts the source equation G^{\mathrm{source}}_{\mu\nu}+C_{\mu\nu}=-8\pi G T_{\mu\nu} into G_{\mu\nu}-C_{\mu\nu}=8\pi G T_{\mu\nu} in (16.3.3).
16	Cosmology: Other Models	16.4	Models with a Varying Constant of Gravitation	latex/chapters/chapter16/sec164.tex	645--657	pp. 619--631; both boundary pages are partial	Section 16.4, Models with a Varying Constant of Gravitation; equations (16.4.1)--(16.4.44), including all unnumbered displays.	Table 16.1 and its source note; linked reference markers 22--42; no figures or footnotes.	source-reviewed and compile-clean; visually proofed.	the curvature, signature, scale-factor, scalar-field, derivative, deceleration-term, and unit modernizations are documented below; no unresolved source uncertainty remains. MODERNIZATION CHECK: R_{\mathrm{source}}(t) -> a(t), with time first and signature (-+++). Weinberg's source scalar is written \Phi_{\mathrm{BD}}, and covariant derivatives use \nabla and \Box. At fixed slots the target Ricci tensor is the negative of Weinberg's. Accordingly, both sides of the source equations (16.4.10) and (16.4.12) are negated; their target forms agree with (9.9.1) and (9.9.4). The derived homogeneous cosmological equations (16.4.13)--(16.4.18) retain their printed algebra after these paired convention changes. The standard q=-a\ddot a/\dot a^2 convention and spelling ``deceleration'' are used. Units are upright. No action or worldline derivative occurs.
16	Cosmology: Other Models	backmatter	Chapter 16 back matter	latex/chapters/chapter16/backmatter.tex	657--659	pp. 631--633; p. 657 is a boundary page	Chapter 16 bibliography and references 1--42.	none.	source-reviewed and compile-clean.	the source's unusual or inconsistent bibliographic spellings and punctuation are retained where legible.
backmatter	Back matter	appendix	Appendix: Some Useful Numbers	latex/backmatter/appendix.tex	660--664	pp. 635--639; blank printed p. 640 is omitted from the scan	Appendix, Some Useful Numbers.	numerical and astronomical reference tables.	source-reviewed and compile-clean.	SOURCE ERRATUM -- the scan's +2600 km/sec for NGC5055 (M63) is corrected to +500 km/sec; question marks are preserved.
backmatter	Back matter	index	Index	latex/backmatter/index.tex	665--681	pp. 641--657	Index.	none.	source-reviewed and compile-clean. Notation-normalized and visually proofed.	SOURCE ERRATUM -- the scan gives Ash, M. E. locator 653, outside the pagination; the spurious locator is removed.
